{
    "NLST": {
        "case": {
            "TRE_lm": {
                "0": 1.7449964593572065,
                "1": 1.4008357878265643,
                "2": 1.6504755350767857,
                "3": 3.6486428225777696,
                "4": 1.7737991498863201,
                "5": 4.154447206276703,
                "6": 1.9373660073545822,
                "7": 2.367389633597122,
                "8": 3.013440381060038,
                "9": 1.530307939774656,
                "10": 1.635125874609976,
                "11": 5.321664550702146,
                "12": 2.234760917636689,
                "13": 1.8309293901193089,
                "14": 2.077615787860732
            }
        },
        "aggregates": {
            "TRE_lm": {
                "30": 1.7507569974630293,
                "std": 1.13186204391435,
                "mean": 2.4214531629144393
            }
        }
    }
}