{
    "AbdomenMRMR": {
        "case": {
            "LogJacDetStd": {
                "0": 1.720622633969641,
                "1": 1.5802860444793463,
                "2": 1.5399258404890377,
                "3": 1.400169006502303,
                "4": 1.3579164521370681,
                "5": 1.4873757920136477,
                "6": 1.2896367300277238,
                "7": 1.476879793393474
            },
            "num_foldings": {
                "0": 0.0,
                "1": 0.0,
                "2": 0.0,
                "3": 0.0,
                "4": 0.0,
                "5": 0.0,
                "6": 0.0,
                "7": 0.0
            },
            "DSC": {
                "0": 0.6939366780921752,
                "1": 0.7808425241788254,
                "2": 0.7180983268764489,
                "3": 0.8712858348900703,
                "4": 0.8824980309333471,
                "5": 0.8177002764707484,
                "6": 0.7648000787926739,
                "7": 0.7987510419800765
            },
            "HD95": {
                "0": 54.35569832000692,
                "1": 36.33971473214752,
                "2": 34.54551192880957,
                "3": 16.202080343738633,
                "4": 21.372350740285825,
                "5": 25.802204588529072,
                "6": 30.817934805556078,
                "7": 8.965328735143355
            }
        },
        "aggregates": {
            "LogJacDetStd": {
                "30": 1.4078400851914201,
                "std": 0.135808069627089,
                "mean": 1.4816015366265303
            },
            "num_foldings": {
                "30": 0.0,
                "std": 0.0,
                "mean": 0.0
            },
            "DSC": {
                "30": 0.766404323331289,
                "std": 0.06667216168230496,
                "mean": 0.7909890990267957
            },
            "HD95": {
                "30": 21.81533612511015,
                "std": 13.952997167972018,
                "mean": 28.550103024277124
            }
        }
    }
}
