{
    "NLST": {
        "case": {
            "LogJacDetStd": {
                "0": 0.027325173210380145,
                "1": 0.035992309807830816,
                "2": 0.029614163334314374,
                "3": 0.04810481309567922,
                "4": 0.03204644401313988,
                "5": 0.06378981211188452,
                "6": 0.03237280128351061,
                "7": 0.041742301570529536,
                "8": 0.044941072785574465,
                "9": 0.030148267435692398,
                "10": 0.028302095463707575,
                "11": 0.06230927974099066,
                "12": 0.04271403088396471,
                "13": 0.034509510665735696,
                "14": 0.033321312676716904,
                "15": 0.0505332345432011,
                "16": 0.04925505192540751,
                "17": 0.04950921716572787,
                "18": 0.02590608301733292,
                "19": 0.05249761431507798,
                "20": 0.05589340833431301,
                "21": 0.05412757513868929,
                "22": 0.03159533271508628,
                "23": 0.024784889215797083,
                "24": 0.04046100052060136,
                "25": 0.025523303790031458,
                "26": 0.027244507130024232,
                "27": 0.033715544342980415,
                "28": 0.06523882670391117,
                "29": 0.033909467500311735
            },
            "TRE_kp": {
                "0": 0.7717675162703541,
                "1": 0.7056222334866945,
                "2": 0.8574907328522157,
                "3": 2.4704415891558,
                "4": 0.8371280695505796,
                "5": 2.695622866687487,
                "6": 0.7460465603121812,
                "7": 0.936093338279609,
                "8": 2.3050498611358456,
                "9": 0.7519494553819571,
                "10": 0.7154709091611129,
                "11": 3.69891487432568,
                "12": 0.8692942419795341,
                "13": 1.01926885395635,
                "14": 0.9186585584961323,
                "15": 2.5285835306945543,
                "16": 1.3173072670157246,
                "17": 1.8384287594840967,
                "18": 0.7448025613677256,
                "19": 1.1760755228331676,
                "20": 2.059436103966026,
                "21": 2.2249572113580345,
                "22": 0.8393409540654103,
                "23": 0.7288728017010644,
                "24": 1.3662579944661468,
                "25": 0.7720233823322595,
                "26": 0.6852849755284256,
                "27": 0.914207527768562,
                "28": 1.5470172162361466,
                "29": 0.8972038839660972
            }
        },
        "aggregates": {
            "LogJacDetStd": {
                "30": 0.0319111106237238,
                "std": 0.012260458161982525,
                "mean": 0.04024761481460483
            },
            "TRE_kp": {
                "30": 0.8175966633850835,
                "std": 0.7815484184141178,
                "mean": 1.3312873117938326
            }
        }
    }
}