{
    "AbdomenMRMR": {
        "case": {
            "LogJacDetStd": {
                "0": 0.22162250623736135,
                "1": 0.08191390506968375,
                "2": 0.07574538414054534,
                "3": 0.28639360455162177,
                "4": 0.0642383886366892,
                "5": 0.19934338677432972,
                "6": 0.08135211944174267,
                "7": 0.07798583927452037,
                "8": 0.07049633461324396
            },
            "DSC": {
                "0": 0.8337825166577806,
                "1": 0.8289284081203362,
                "2": 0.7562261067801191,
                "3": 0.39846489278075425,
                "4": 0.8917855568792359,
                "5": 0.8924752838437777,
                "6": 0.823569356229628,
                "7": 0.7686746636409864,
                "8": 0.8099100853483435
            },
            "HD95": {
                "0": 27.044453413265416,
                "1": 27.208492390913545,
                "2": 24.46630877300729,
                "3": 21.162191916361714,
                "4": 7.646403065847526,
                "5": 12.942463317105684,
                "6": 12.768252263177462,
                "7": 20.369202358489527,
                "8": 5.975504926677694
            }
        },
        "aggregates": {
            "LogJacDetStd": {
                "30": 0.07664156619413535,
                "std": 0.08354798582958288,
                "mean": 0.128787940971082
            },
            "DSC": {
                "30": 0.7851688323239292,
                "std": 0.14977464338726043,
                "mean": 0.7782018744756625
            },
            "HD95": {
                "30": 12.837936684748751,
                "std": 8.124888897684148,
                "mean": 17.731474713871766
            }
        }
    }
}