{
    "AbdomenCTCT": {
        "case": {
            "LogJacDetStd": {
                "0": 0.19564424713621664,
                "1": 0.40910771799212176,
                "2": 0.43348170926996576,
                "3": 0.1389824331355023,
                "4": 0.19372547490566755,
                "5": 0.31455199202966005,
                "6": 0.14431763526804345,
                "7": 0.1280621911388051,
                "8": 0.21211482038035215,
                "9": 0.24032155922897333,
                "10": 0.9916229547134351,
                "11": 0.6939209423613644,
                "12": 0.8754419319605232,
                "13": 0.9264063682059555,
                "14": 0.2858476542245167,
                "15": 0.5790570626816834,
                "16": 0.4818777719353339,
                "17": 0.5681806048455533,
                "18": 0.2394045070638744,
                "19": 0.4999524965558119,
                "20": 0.34814667395193594,
                "21": 0.2787190559702908,
                "22": 0.4345097269053956,
                "23": 0.4276974723964164,
                "24": 0.33376761093038854,
                "25": 0.24877515136899286,
                "26": 0.5586491282142246,
                "27": 0.21621601257727052,
                "28": 0.25059538025654954,
                "29": 0.293725817810779,
                "30": 0.7561965409490609,
                "31": 0.5817258812230671,
                "32": 0.4318833977259658,
                "33": 0.3957810188732069,
                "34": 0.4332229821333659,
                "35": 0.2048675045165575,
                "36": 0.2936320417691495,
                "37": 0.24607049417847965,
                "38": 0.30506868202485754,
                "39": 0.32943496816073903,
                "40": 0.4258080926241207,
                "41": 0.6134772341447176,
                "42": 0.14161034121441113,
                "43": 0.2656513852271496,
                "44": 0.2243455832222607
            },
            "DSC": {
                "0": 0.42361463170105124,
                "1": 0.41988416299836623,
                "2": 0.49952440400488946,
                "3": 0.5017108769899589,
                "4": 0.5161475037448059,
                "5": 0.46862124618244805,
                "6": 0.5135910774243343,
                "7": 0.551504405650682,
                "8": 0.5132457843485073,
                "9": 0.3860946532822925,
                "10": 0.3944392101763201,
                "11": 0.3965504812102589,
                "12": 0.4040809499374615,
                "13": 0.38514625715549894,
                "14": 0.4454400327292736,
                "15": 0.47509862705476574,
                "16": 0.40544934809361605,
                "17": 0.43680368449676393,
                "18": 0.4010045125741797,
                "19": 0.44120821525983894,
                "20": 0.416127426998685,
                "21": 0.4338841080107529,
                "22": 0.4736982170504353,
                "23": 0.4192525159277485,
                "24": 0.4748475576633678,
                "25": 0.5419226807646544,
                "26": 0.45178409940729364,
                "27": 0.5119092463653637,
                "28": 0.5059191612153565,
                "29": 0.5336805449102908,
                "30": 0.5041405641325208,
                "31": 0.4880421099677625,
                "32": 0.4863004713701348,
                "33": 0.4525969858494003,
                "34": 0.5378533667397506,
                "35": 0.49298067711509935,
                "36": 0.49431297710623057,
                "37": 0.4788699104458798,
                "38": 0.5031917536750785,
                "39": 0.461302729452238,
                "40": 0.45645486876864044,
                "41": 0.4753317639195508,
                "42": 0.5494175674301458,
                "43": 0.5212053816006971,
                "44": 0.538500313138894
            },
            "HD95": {
                "0": 16.336788892209622,
                "1": 13.8310298266488,
                "2": 10.104615792306994,
                "3": 10.710867758990679,
                "4": 12.99845110980096,
                "5": 13.294307036197644,
                "6": 8.945338469473548,
                "7": 8.282858758622256,
                "8": 7.739234504259747,
                "9": 15.239261341436372,
                "10": 14.519160710069247,
                "11": 14.608363461597,
                "12": 15.22173558721997,
                "13": 14.301307157095966,
                "14": 11.270237418502198,
                "15": 11.426585444682665,
                "16": 13.510479053605065,
                "17": 12.703886607464616,
                "18": 15.165355011710082,
                "19": 10.438261863008446,
                "20": 16.087622842151863,
                "21": 14.17677274905054,
                "22": 13.348645866212783,
                "23": 13.56706320914886,
                "24": 20.69405571414618,
                "25": 8.885473402032831,
                "26": 14.913955392558679,
                "27": 13.821051504599101,
                "28": 15.270178765540258,
                "29": 9.671875509822705,
                "30": 8.573163625649807,
                "31": 11.116459275877355,
                "32": 12.070872529629208,
                "33": 13.2510748508808,
                "34": 9.272292610047725,
                "35": 13.223203589959347,
                "36": 13.592751611057151,
                "37": 15.483386996993652,
                "38": 12.977066839842472,
                "39": 12.5915972874265,
                "40": 16.209171981065893,
                "41": 12.380633307168027,
                "42": 6.491898904102382,
                "43": 6.914969684621353,
                "44": 7.290549505500343
            }
        },
        "aggregates": {
            "LogJacDetStd": {
                "30": 0.2491391971465042,
                "std": 0.21121810013678063,
                "mean": 0.39092445007561577
            },
            "DSC": {
                "30": 0.4420545787537259,
                "std": 0.048273986387390215,
                "mean": 0.47072637920091753
            },
            "HD95": {
                "30": 11.147214904402324,
                "std": 2.976055969034395,
                "mean": 12.50053140799973
            }
        }
    }
}