{
    "LungCT_Val": {
        "case": {
            "LogJacDetStd": {
                "0": 1.4876988529977098e-14,
                "1": 1.4876988529977098e-14,
                "2": 1.4876988529977098e-14
            },
            "TRE": {
                "0": 20.180077812774858,
                "1": 15.600577226829143,
                "2": 8.141406803889698
            }
        },
        "aggregates": {
            "mean": {
                "LogJacDetStd": 1.4876988529977098e-14,
                "TRE": 14.640687281164565
            },
            "std": {
                "LogJacDetStd": 0.0,
                "TRE": 6.076466197213967
            },
            "30": {
                "LogJacDetStd": 1.4876988529977098e-14,
                "TRE": 12.616909057653364
            }
        }
    }
}